callsign,count,mean,std,min,max
WZZ507,61,1858.344262295082,477.10054444340847,1076.0,3112.0
EZY37JH,61,1927.950819672131,463.68956663661334,1258.0,2962.0
EZS57CL,61,1396.5081967213114,324.8298848603076,1020.0,2683.0
SEH7WA,61,1561.950819672131,337.28689203848944,979.0,2521.0
WMT766,61,1497.1147540983607,272.7148143122321,1028.0,2499.0
UBT70Z,61,1470.9180327868853,301.5340939861786,995.0,2884.0
EZY79TK,61,1613.344262295082,374.345735261131,1004.0,2893.0
WMT506,60,1411.5,325.0981338152674,1010.0,2726.0
EZY806,60,1767.2,386.88253374280697,1042.0,2807.0
JBU2104,60,1405.6166666666666,238.69035978251682,1001.0,2321.0
VLG2QN,60,1926.7333333333333,404.0835148897437,1174.0,2869.0
TSC122,60,1534.5166666666667,344.71439869356584,1062.0,2568.0
EZY91VJ,60,1942.9333333333334,373.73061388038894,1359.0,2676.0
NSZ3516,60,1809.0333333333333,378.798858421251,1106.0,2830.0
BAW2278,60,1981.5166666666667,449.06635694277196,1170.0,3133.0
EZY79RQ,60,1710.4166666666667,487.82729271139016,1031.0,3264.0
WMT84,60,1839.75,423.2117563087847,907.0,3184.0
VLG34RD,60,1618.9,343.91429263403126,1009.0,2575.0
WUK3W,60,1769.4833333333333,523.0290685011449,1197.0,3046.0
EZY72AP,60,1382.6166666666666,354.98126432615976,970.0,2861.0
WUK9494,60,1316.9166666666667,203.73572876435122,924.0,1811.0
VLG3ZZ,60,1725.4666666666667,507.6690322716992,806.0,3325.0
VLG49HR,60,1769.0333333333333,447.1792939123578,1180.0,3330.0
SXS1CW,60,1462.95,280.7157573786658,980.0,2250.0
VLG5WE,60,1693.9833333333333,499.3820755139624,982.0,3161.0
SXS2Y,60,1734.9166666666667,469.7206631737947,1009.0,2971.0
EJU56EQ,60,1841.55,433.2636268358827,1130.0,3022.0
VLG6307,60,1764.9666666666667,385.28554089480036,1136.0,2755.0
EZY83NR,60,1892.0333333333333,447.66963328438044,1129.0,3194.0
THY5GZ,60,1806.7,467.05457525987947,1046.0,3128.0
THY6PT,60,1613.9166666666667,349.9435446801053,1072.0,2562.0
AEA92UV,60,1799.3666666666666,381.9014411264551,1167.0,2898.0
WMT8AQ,59,1482.6949152542372,318.95558301935523,1018.0,2537.0
AEA36UJ,59,1864.6440677966102,417.7123974579451,1216.0,3005.0
EZY74XB,59,1716.6440677966102,464.9029473323869,956.0,2846.0
EZY14AV,59,1815.9322033898304,344.1394998025825,1276.0,2793.0
EZY71VC,59,1688.0169491525423,369.1457282338378,984.0,2582.0
CCA847,59,1460.2542372881355,285.2109680884358,1076.0,2223.0
CCA851,59,1436.2033898305085,308.6535151299982,1051.0,2563.0
EZY54ZL,59,1640.6271186440679,431.7823085890854,1058.0,3126.0
EZY46TU,59,1406.8813559322034,289.030846984322,957.0,2277.0
EZY32NP,59,2100.4406779661017,403.55234122710436,1487.0,3320.0
VLG915R,59,1562.6440677966102,328.03914625060054,992.0,2447.0
VLG8EK,59,1676.457627118644,373.6874649348635,1080.0,2514.0
UAE9W,59,1464.0,259.6326317092592,1021.0,2249.0
EJU83DK,59,1743.864406779661,476.67018372886247,1041.0,3312.0
VLG72UL,59,1777.9322033898304,362.18322017943365,1188.0,2655.0
EZY86NZ,59,1759.4406779661017,393.73574505937796,1023.0,2987.0
EFW6GW,59,1513.4915254237287,410.167307027912,973.0,2712.0
RAM802,59,1813.864406779661,493.1180336294652,942.0,3391.0
RYR6MZ,59,2025.5593220338983,444.10550436402946,1338.0,3026.0
NOZ32A,59,1796.1016949152543,401.61783579861145,1133.0,3153.0
RYR866H,59,1675.2881355932204,386.9619980828313,1177.0,2636.0
EZY97QL,59,1527.2881355932204,368.185581525154,1041.0,2509.0
QTR93M,59,1866.3389830508474,421.8508320349778,1123.0,3099.0
TAP1328,59,1573.7966101694915,337.4317698419278,930.0,2665.0
WUK5461,59,1782.2711864406779,369.950827604318,1266.0,2570.0
WUK3MK,59,1573.3389830508474,334.45945118743947,827.0,2501.0
WUK834,58,1548.7413793103449,451.37488058056226,988.0,2713.0
NSZ3510,58,1879.9137931034484,424.7119264962628,1065.0,2911.0
EJU71LP,58,1581.3620689655172,397.9712454690736,996.0,3098.0
SXS27W,58,1602.8275862068965,400.4761699956968,990.0,2719.0
RYR2YK,58,1903.3275862068965,351.36387835849615,1218.0,3025.0
RYR99LB,58,1838.2241379310344,366.14070936767104,1285.0,2737.0
SHT1481,58,2046.5689655172414,379.32928398243973,1452.0,3326.0
EZY43XC,58,2049.6724137931033,405.9603466907815,1305.0,3458.0
EZY24KW,58,1551.1896551724137,404.1686054674373,944.0,3054.0
EZY32ZR,58,1639.2758620689656,380.51072756638996,1023.0,2660.0
EZY31EJ,58,1563.4827586206898,354.94364471784786,1022.0,2512.0
NSZ5WU,58,1766.103448275862,368.7721061898394,1206.0,2750.0
VLG7822,58,1784.3275862068965,420.8379438871025,1200.0,3184.0
EFW5JJ,58,1502.1206896551723,408.45082065991943,1019.0,2677.0
KMM116,58,1354.0862068965516,284.4579507964663,1015.0,2275.0
WMT543,58,1794.8275862068965,440.1779599419225,999.0,2835.0
ICE6H,58,1773.603448275862,347.08409111293224,1171.0,2899.0
UAE7ER,58,1747.0689655172414,412.2294482049191,1050.0,3329.0
EZY95QG,57,1999.9473684210527,432.24387218050174,1106.0,2993.0
VLG7292,57,1729.6491228070176,425.148608103603,1163.0,2760.0
EZY96UZ,57,1913.719298245614,423.44846011164964,1345.0,3159.0
IBS3718,57,1863.3508771929824,527.1780836013329,983.0,3327.0
UBT78T,57,1619.4035087719299,402.5172516111719,953.0,3086.0
TSC728,57,1631.7894736842106,340.19347104899134,1131.0,2716.0
EZY17TF,57,1391.6842105263158,290.6851609249341,962.0,2673.0
VLG6305,57,1639.877192982456,404.0015501285431,945.0,3072.0
CES201,57,1404.701754385965,254.5002080347368,1041.0,2215.0
JBU43,57,1556.7368421052631,278.1870212590668,984.0,2260.0
RYR636L,56,1835.375,410.1969177890496,1318.0,3047.0
RYR2BF,56,2031.267857142857,491.9011538204299,1310.0,3458.0
VLG1AA,56,1752.4642857142858,576.3970526795416,1080.0,3251.0
RYR1ZG,56,1815.875,340.5616250468414,1147.0,2813.0
EZS89RA,56,1712.4107142857142,428.3491683952883,1088.0,2867.0
EJU94RQ,56,1806.9642857142858,336.1512627204774,1225.0,3048.0
EZY34QR,56,1414.0892857142858,313.8647813534134,938.0,2778.0
TAP1330,56,1776.4464285714287,435.48977316633676,1105.0,3231.0
BAW63H,56,1437.5714285714287,273.50957152225175,1076.0,2333.0
TAP34A,56,1523.875,337.8506965832958,1110.0,2605.0
EJU43PE,56,1736.1964285714287,401.4650633341861,919.0,2708.0
MAU42,56,1423.25,253.45196783611684,976.0,2018.0
EJU45BY,56,1543.9285714285713,298.28155443185847,918.0,2477.0
DAL62,56,1637.5714285714287,407.2854195610407,1020.0,2767.0
EZY78MR,56,1569.125,261.15603573342895,1166.0,2287.0
SWR5LV,56,1526.3392857142858,356.4299383806388,1024.0,2352.0
EJU8402,56,1253.142857142857,237.74473924560576,889.0,1991.0
EZY43RC,56,1232.642857142857,204.03800257184074,1013.0,1976.0
EFW50Z,55,1412.909090909091,411.0059597985156,914.0,3326.0
EZY62UL,55,1743.9272727272728,444.9755238606016,1024.0,2954.0
EJU92YV,55,1379.6363636363637,199.8737901440106,1031.0,1813.0
UAE7TR,55,1885.6909090909091,409.3690661533091,1268.0,2855.0
RYR66XZ,55,2035.0,406.3961304131903,1411.0,3434.0
BAW2JA,55,1668.8181818181818,434.5463403200191,1015.0,3035.0
EJU72CR,54,1604.2777777777778,439.1919001498466,1006.0,2764.0
EFW9NV,54,1384.9814814814815,453.34519692517114,959.0,2747.0
WZZ8680,54,1475.5740740740741,380.2181896858624,944.0,2397.0
RYR60FJ,54,1961.648148148148,369.1416436948202,1407.0,2970.0
IBS3714,54,1536.9444444444443,314.4072840307177,1096.0,2540.0
EZY45FM,54,1601.4259259259259,296.1784012261868,1041.0,2716.0
ITY216,54,1472.5,272.3132733965139,1070.0,2359.0
EZY72WU,54,1535.0925925925926,427.39501716656923,975.0,2704.0
EJU67RD,53,1621.188679245283,384.87780561366657,1116.0,2586.0
EZY95ER,53,1806.9811320754718,420.1948490588823,1134.0,3053.0
WMT8465,53,1487.7735849056603,424.8827277799691,953.0,2644.0
EJU16FG,53,1620.566037735849,362.7371112821327,1083.0,2492.0
TSC282,53,1601.4716981132076,345.8753445842761,1092.0,2714.0
EFW1FG,53,1794.3584905660377,397.46591989075097,1152.0,2768.0
WMT483,53,1540.622641509434,301.25763484835824,1040.0,2252.0
BAW2038,53,1519.9245283018868,333.27678777767863,1097.0,2840.0
BAW12TB,53,1792.188679245283,408.3119591969137,1247.0,3079.0
EZY45MK,53,1573.9056603773586,388.38562637543146,959.0,3301.0
EZY24FY,53,1473.5471698113208,461.33679362836165,996.0,2905.0
EJU49PA,52,1724.25,405.27757977300774,1000.0,2881.0
EJU45UP,52,1749.9615384615386,392.43737912044014,1163.0,2561.0
NOZ31F,52,1869.2115384615386,498.9203770235803,1127.0,3216.0
EZY83LM,52,1851.4807692307693,378.13761839633924,1313.0,2785.0
EZY63UZ,52,1675.0384615384614,314.2290885012586,1133.0,2832.0
QTR53W,52,1304.8076923076924,205.22212150583192,966.0,1891.0
EFW86R,52,1579.6153846153845,422.5841674533041,969.0,2714.0
EJU84FQ,52,1515.8653846153845,325.4910636312013,917.0,2373.0
EFW75J,52,1695.5961538461538,442.23160729952474,979.0,2865.0
EFW74V,52,1487.75,350.3224774908029,975.0,2702.0
EZY75NK,52,1585.0384615384614,320.2029969816305,1073.0,2878.0
EZY59FQ,52,1578.3076923076924,338.07288565943816,941.0,2506.0
VLG93RJ,52,1639.576923076923,381.8807608867524,1074.0,2571.0
CES6023,52,1821.576923076923,397.6893233271244,1178.0,2743.0
EZY53QK,51,1771.6274509803923,402.8879725573507,978.0,2565.0
EZY61ML,51,1637.5294117647059,426.8526843275641,1043.0,3277.0
EZY97JP,51,1490.8823529411766,435.23564408530797,981.0,2641.0
EJU76MG,51,1439.5294117647059,315.59419214815574,991.0,2287.0
EFW8RA,51,1542.2745098039215,394.3362564325717,967.0,2526.0
NOZ18Z,51,1942.7254901960785,427.72959114054163,978.0,2991.0
APK7578,51,1266.0196078431372,212.3504170182935,968.0,2264.0
EZY27EF,51,1679.9607843137255,460.3387431352836,1069.0,2730.0
EZY78MK,51,1375.2745098039215,366.01825519672497,1012.0,2494.0
EZY82JG,51,1404.549019607843,395.21514716546426,926.0,2407.0
EZY63GL,51,1602.6274509803923,428.9780395677296,927.0,2788.0
EFW75H,51,1390.5294117647059,344.7497267840064,857.0,2845.0
NSZ3520,51,1966.9803921568628,438.4567248975012,1186.0,3259.0
EFW59V,51,1463.6078431372548,376.23854552298985,994.0,2336.0
EJU92DC,50,1405.9,428.49267133494254,942.0,3030.0
VLG34LB,50,1800.02,477.5430951810549,1069.0,3074.0
EZY58AK,50,1402.72,267.2754476153004,1026.0,2531.0
EZY43CZ,50,1166.54,207.51348222735416,927.0,2126.0
EJU8078,50,1562.84,352.37603754616276,1004.0,2375.0
VLG6020,50,1494.14,333.5138224960374,914.0,2579.0
EZY51UT,50,1512.08,437.99840834674933,1013.0,2966.0
EZY32BR,50,1460.58,311.05115334941297,1036.0,2427.0
NSZ59T,50,1966.76,479.20186875721595,1139.0,3057.0
EZY93NG,50,1323.88,271.2793303995732,985.0,2325.0
EZY68DR,50,1796.28,409.8232092709524,1164.0,2686.0
NOZ16Y,50,1583.68,332.06481049239005,1168.0,2806.0
EZY29AM,49,1680.061224489796,293.36108354745363,1289.0,2655.0
BTI6BL,49,1883.0204081632653,350.5309954076766,1191.0,2661.0
NOZ6PW,49,1972.3265306122448,420.98913227041373,1200.0,3141.0
VLG7DL,49,1690.4897959183672,458.04917505515436,1169.0,3334.0
EJU76YG,49,1721.6530612244899,469.62855672596936,984.0,2953.0
BAW2202,49,1543.6122448979593,310.4119451314206,1127.0,2388.0
SVA101,49,1756.4489795918366,379.4374158553956,1024.0,3128.0
BTI6G1,49,1730.8979591836735,312.3550493761039,1128.0,2308.0
EZY56HB,49,1646.9591836734694,398.4350615838416,1048.0,2791.0
NOZ36C,49,1819.857142857143,401.322501238094,1181.0,3088.0
VLG38AU,49,1666.3469387755101,465.85980325900306,1032.0,3354.0
EZY18HN,49,1662.0816326530612,449.35174774031856,1084.0,3122.0
EZS8496,48,1795.2916666666667,425.01959696162066,1010.0,2814.0
EZY31YV,48,1531.2916666666667,382.3584125840033,1079.0,3056.0
EZY82ET,48,2078.0208333333335,536.856076025268,1353.0,3349.0
BAW2817,48,1377.375,338.72128911854315,906.0,2545.0
EZY95BU,48,1762.8541666666667,450.1242849449063,1154.0,3409.0
EZY35EF,48,1739.6458333333333,455.8849467388899,1087.0,3336.0
EZY56JL,48,2004.25,383.63926429183834,1273.0,3190.0
EZY78HP,48,1598.0,355.3026878592393,1014.0,2488.0
EZY53YR,48,1474.1875,423.68849738829226,1001.0,3032.0
EZY71MH,48,1574.5625,412.52671899281717,1074.0,3127.0
EZY37FC,48,1276.6041666666667,274.80482354955,975.0,2359.0
UBT71Y,47,1539.063829787234,234.95007834739843,1218.0,2182.0
EZY31BG,47,1525.0851063829787,235.82554622351435,1250.0,2448.0
EFW96I,47,1836.1914893617022,469.55601778599106,1095.0,3439.0
EZY93FD,47,1557.0851063829787,398.58913300198117,836.0,2790.0
EJU36DW,47,1792.7021276595744,444.6569715934734,1172.0,3329.0
EZY416F,47,1514.2553191489362,341.04739362638793,1002.0,2306.0
EFW2RW,46,1544.5652173913043,375.71275388247295,961.0,2585.0
THY1159,46,1487.6521739130435,301.75289503472163,1060.0,2758.0
EZY24KG,46,1536.5869565217392,458.2793217187263,1062.0,2830.0
EZY43DK,46,1640.7173913043478,501.8953703730812,950.0,3133.0
EZY13HL,46,1569.2173913043478,364.6047426426156,1135.0,3115.0
UBT72X,46,1385.8260869565217,244.8645252967287,992.0,2158.0
THY3TK,45,1791.9777777777779,398.4005230514598,1132.0,2944.0
EFW58W,45,1495.4444444444443,284.73572719880866,1082.0,2262.0
VLG414J,45,1752.0666666666666,518.8737103310664,1122.0,3192.0
EZY54HX,45,1544.0666666666666,297.3496870077995,1053.0,2619.0
EJU43FB,45,1798.4,457.4494209497621,1124.0,3019.0
EFW3XB,45,1650.3777777777777,362.67981677362405,1101.0,2565.0
EFW7SN,45,1383.4888888888888,417.13517659813294,962.0,3033.0
EZY19XV,44,1496.909090909091,369.32199464611756,1037.0,2509.0
EZY18DP,44,1447.340909090909,354.3048840273952,910.0,2730.0
EZY93XM,44,1160.159090909091,136.55188011135195,972.0,1499.0
EFW1SM,44,1742.2045454545455,394.7699700853447,1057.0,2764.0
VLG86EJ,44,1665.5227272727273,353.3456367444524,1143.0,2618.0
EZY34PL,43,1698.6511627906978,450.91446151765706,1118.0,2721.0
EZE53NL,43,1974.4883720930231,413.33074339202136,1398.0,2920.0
EZY59UC,43,1787.6279069767443,374.3227550082195,1171.0,2400.0
EZY23UB,43,1576.3720930232557,352.14370870939916,969.0,2540.0
EZY46WY,43,1604.5813953488373,469.78902217901106,1062.0,3167.0
VLG8944,43,1598.906976744186,485.8472625931052,991.0,3003.0
EZY79BK,43,1339.3720930232557,256.46451748042523,1049.0,2657.0
EJU38NJ,43,1874.3720930232557,404.4256964691569,1117.0,2825.0
EZY81DJ,42,1269.047619047619,323.8103142710854,964.0,3040.0
TAP36C,42,1860.1190476190477,400.31153736235524,1099.0,2815.0
EZY35ZL,42,1297.2857142857142,250.4723621104426,1043.0,2376.0
NSZ3518,42,1845.5238095238096,412.0009612879644,1222.0,3219.0
WMT9ZS,42,1607.142857142857,519.6865646094192,995.0,2960.0
EZS8476,42,1274.5238095238096,223.53449432019931,990.0,1717.0
EZY78FY,42,1480.404761904762,341.01398723361234,958.0,2579.0
EZY45KR,42,1621.2380952380952,324.58955767612264,1170.0,2288.0
UBT70N,42,1812.5238095238096,399.7877020824341,1264.0,3047.0
WZZ1158,41,1804.1707317073171,315.8440993939119,1162.0,2476.0
EZY74QD,41,1148.341463414634,136.71880078396268,996.0,1627.0
EZY74AP,41,1594.5365853658536,461.45693718704547,1101.0,3050.0
EFW67P,41,1466.3658536585365,371.2856552640811,968.0,2356.0
BAW5KW,41,1580.5365853658536,378.0491434695346,997.0,2710.0
EZY34YQ,41,1747.9268292682927,325.7559968936798,1226.0,2452.0
EZY63EA,41,1685.7560975609756,474.5312308208915,1074.0,3195.0
EZY8106,41,1185.5365853658536,153.90891747409825,892.0,1920.0
EZY96LY,41,1766.8048780487804,405.35035583506,1020.0,2661.0
EJU34NU,41,2056.560975609756,466.12729209843997,1220.0,3004.0
NOZ34G,40,1803.05,405.5758141527192,1146.0,3301.0
FHY1503,40,1650.225,307.13460571163426,1034.0,2267.0
SIA312,40,1362.25,236.12477687953518,1022.0,1967.0
EFW1LS,40,1655.275,470.9040942969609,965.0,2746.0
EZY16JM,40,1842.5,435.84018477724914,1176.0,3044.0
EZY56YN,40,1552.6,384.17896470665454,1062.0,2584.0
EZY24ZV,40,1694.875,401.5410179577724,1139.0,2950.0
VLG6208,39,1796.051282051282,442.6070461492278,1102.0,2677.0
EZY51RK,39,1509.6410256410256,445.26015382963925,923.0,2627.0
EZY87AM,39,1802.1538461538462,463.8630434480883,1125.0,3242.0
EZY62RQ,39,1515.7948717948718,236.6786828600706,1088.0,2058.0
EJU8127,39,1678.3589743589744,509.31706013669793,978.0,3349.0
EZY82MW,39,1559.5897435897436,494.60477140039575,957.0,2941.0
VLG6206,39,1723.4358974358975,410.59999710768534,1064.0,2889.0
EFW4FI,39,1320.179487179487,390.02785810050403,955.0,2670.0
EZY17UK,39,1553.974358974359,431.602978330993,804.0,2566.0
EZY23DR,39,1399.923076923077,382.1494874643047,974.0,2810.0
EFW5BH,39,1575.0,376.5272758694702,1005.0,2788.0
EZY41DM,38,1698.2631578947369,452.9842002023927,971.0,2836.0
EZY47NW,38,1334.157894736842,375.44125580123756,996.0,2869.0
EZY59MQ,38,1706.7105263157894,416.93968115788624,1121.0,2668.0
EFW7IS,38,1790.3157894736842,525.1998386850146,1060.0,3395.0
EFW61U,38,1819.4473684210527,387.0181710496515,1148.0,2578.0
EZY68HN,38,1309.8947368421052,358.07984837098587,819.0,2599.0
EZY39GN,38,1609.3684210526317,422.10888956700916,983.0,2547.0
BAW925,38,2118.815789473684,521.9207175612308,1480.0,3311.0
EZE57NL,38,1796.078947368421,301.45981593885614,1410.0,2639.0
EZY63AL,38,1397.2631578947369,220.35299496434845,935.0,2048.0
EZY96CT,38,1594.1052631578948,423.39635698324764,1041.0,2788.0
EZE51NL,38,1998.7631578947369,287.96052978504275,1500.0,2764.0
EZY98NB,38,1597.842105263158,380.94232565642943,1030.0,2646.0
EFW4PL,38,1558.5,401.17258872702905,1112.0,2878.0
EZY75RP,37,1725.918918918919,290.84678845459916,1338.0,2685.0
WMT2890,37,1696.162162162162,487.152925653714,1054.0,2926.0
EFW45U,37,1322.081081081081,267.57183649944864,927.0,2514.0
EZY49BJ,37,1783.4594594594594,474.65090063906706,1034.0,3052.0
NOZ1308,37,1841.2432432432433,426.87003001208996,1290.0,2698.0
EZY72XQ,37,1481.5675675675675,381.01637034971924,980.0,2890.0
EZY73AQ,37,1581.5675675675675,439.9871551496665,1120.0,2749.0
EFW83X,37,1810.5945945945946,456.029205903127,1098.0,3026.0
EZY84EP,37,1286.027027027027,295.75322732215693,898.0,2302.0
EFW4YR,37,1347.5675675675675,265.45166336940815,950.0,2240.0
EZY79KL,37,1210.3783783783783,225.33411628948684,961.0,2054.0
EZY35GT,36,1597.5277777777778,303.5962060850009,1101.0,2516.0
EZY71EZ,36,1897.0555555555557,422.24752012767135,1393.0,2768.0
EZY48XH,36,2022.5,471.60513143942785,1411.0,3302.0
EJU43HU,36,1719.8055555555557,413.8151291471967,1046.0,2844.0
EFW2FC,36,1414.6666666666667,419.08696676738316,860.0,2811.0
EZY78EP,35,1415.0857142857142,412.2038595752586,952.0,2879.0
EZY12QA,35,1326.4571428571428,307.3045378636584,905.0,2614.0
EFW0CQ,35,1320.7428571428572,285.5632558808008,917.0,2371.0
EFW93J,35,1527.9714285714285,493.8740900338088,996.0,2804.0
EZY23WJ,35,1379.142857142857,287.52218767142364,1016.0,2258.0
WJA24,35,1846.3428571428572,361.3648915901344,1184.0,2634.0
EFW89Y,35,1633.4857142857143,408.85358888342546,1088.0,3116.0
EZY76RJ,35,1456.3428571428572,461.61264273498085,1022.0,3070.0
EZY65QB,35,1344.7142857142858,407.18203556153316,954.0,2808.0
NSZ51M,35,1755.0,343.93356061548724,1220.0,3099.0
EZY76BZ,35,1702.0857142857142,377.2088960516496,1105.0,2445.0
EZY85MJ,35,1494.6,511.80190331347353,980.0,2824.0
WUK987,35,1554.4571428571428,356.16596782771853,994.0,2520.0
EFW0RU,35,1374.0857142857142,373.3756483622305,966.0,2404.0
EZY16RM,35,1496.2,426.5158986071983,1057.0,2902.0
VLG66XV,35,1426.2571428571428,241.88467632046363,1057.0,2286.0
LBT844,34,1658.4117647058824,514.4144725358796,953.0,3111.0
EZY82TL,34,1572.2941176470588,328.7878130724365,1063.0,2146.0
EZY81UD,34,1597.1176470588234,521.729278731034,975.0,3353.0
EZY39ED,34,1408.1470588235295,273.3977158860209,1025.0,2125.0
NSZ2766,34,1838.735294117647,428.644962136571,1308.0,2966.0
VLG722U,34,1595.5588235294117,365.190709096898,1034.0,2593.0
EFW91S,34,1543.0588235294117,412.2732942626898,1071.0,2918.0
BTI87V,34,1727.6176470588234,370.14485409428266,1083.0,2829.0
EFW3WG,34,1615.9117647058824,385.81400509061905,1005.0,2372.0
WUK9818,34,1692.235294117647,492.0583889240351,864.0,2645.0
EZY68NW,34,1713.3235294117646,480.8526971945639,1070.0,2934.0
EZY32JU,34,1678.7941176470588,496.3064656471213,1081.0,3071.0
EZY86VG,34,1469.9117647058824,368.8495930343965,973.0,2476.0
EZY34GK,34,1491.0588235294117,323.9003719979218,1116.0,2500.0
EFW2795,33,1334.5151515151515,366.30222504887627,1006.0,2849.0
EZY26EJ,33,1518.8181818181818,369.78789989545487,1002.0,2756.0
NOZ4DE,33,1606.4242424242425,344.9703819082725,1059.0,2872.0
EFW64C,33,1850.6060606060605,524.3781400021564,884.0,3251.0
EFW0BP,33,1636.060606060606,453.79283127008654,1037.0,2851.0
EZY93AJ,33,1512.1818181818182,426.52128130855425,921.0,2973.0
EZY54YB,33,1846.4848484848485,445.8980489705664,990.0,2806.0
EZY21GL,32,1216.34375,240.60710972454658,929.0,2156.0
EZY37TP,32,1615.3125,398.45147334763766,953.0,2694.0
EZY29QT,32,1441.625,362.59821806227274,1033.0,3053.0
EZY47CV,32,1273.0,352.83963276765394,961.0,2337.0
RYR2714,32,1743.90625,550.6234800059575,1015.0,3161.0
EZY18UV,32,1687.34375,411.8888520114259,979.0,2570.0
EZY19YG,32,1359.75,315.6672400671519,948.0,2379.0
TAR792,32,1411.84375,322.7617826614146,1010.0,2337.0
EZY83LH,32,1794.96875,507.65504444772915,998.0,2822.0
EZY67RE,32,1371.03125,385.37468021812987,1025.0,2915.0
BAW2066,32,1178.0,156.99578790322633,989.0,1746.0
VLG7GM,32,1642.09375,445.48374282454773,964.0,2763.0
EZY34MV,31,1456.5806451612902,377.0272115903173,983.0,2239.0
EZY42JG,31,1362.483870967742,280.24856478582745,976.0,2434.0
VLG9SU,31,1278.8064516129032,168.47916178859998,1073.0,1762.0
EZY61TY,31,1739.0,456.1099282702216,1030.0,2859.0
EZY61XA,31,1298.4516129032259,417.8537095451531,995.0,2745.0
EZY34JC,31,1491.1935483870968,387.4524847732805,992.0,2480.0
EZY68JD,31,1685.7096774193549,408.2360586350653,1163.0,2546.0
AIC177,31,1991.258064516129,510.8776740565812,1164.0,3272.0
EZY25YR,31,1563.0645161290322,438.921400365629,998.0,2487.0
EZY65LG,31,1881.2903225806451,408.76058139603657,1264.0,2612.0
EZY25RL,30,1473.7333333333333,460.14487473743145,975.0,2924.0
EZY81FG,30,1794.0666666666666,474.48984824962696,1104.0,2817.0
EZY39WB,30,1541.2,467.2762160317659,1040.0,2771.0
WUK162,30,1295.4333333333334,357.4592027199683,978.0,2225.0
EZY47RP,30,1281.8,305.7431195831131,977.0,2553.0
EFW9VY,30,1640.3666666666666,462.72070099190154,1015.0,2831.0
ETH718,30,1391.0333333333333,242.1093345682019,1045.0,1967.0
EZY47TQ,30,1620.2,467.1824866816702,992.0,2578.0
EZY85DL,30,1297.5666666666666,296.7048554782476,954.0,2116.0
EZY13DE,30,1850.8333333333333,394.0441147483566,1191.0,2658.0
EZY94TX,30,1611.6,434.16075205007843,1132.0,2647.0
EFW5SL,30,1802.6333333333334,506.72031892277164,1061.0,3350.0
EZY28ER,30,1603.7333333333333,517.2004835940169,982.0,2969.0
BAW923,30,2152.3333333333335,400.132248252942,1229.0,3052.0
EZY39LR,30,1654.1,380.350867960914,1050.0,2333.0
EZY31KZ,29,1156.1379310344828,157.21475851702507,945.0,1724.0
BAW22KC,29,1763.4137931034484,366.12844323517504,1265.0,2858.0
EZY38MP,29,1189.3793103448277,173.8245038194524,892.0,1641.0
BAW2238,29,1289.1724137931035,236.41595742696464,933.0,2315.0
EZY96WP,29,1375.6206896551723,413.08088223849813,927.0,2565.0
EZY28XD,29,1977.344827586207,403.81637232977107,1344.0,2736.0
EZY79LQ,29,1388.7241379310344,373.19277827108954,981.0,2982.0
EFW1YZ,28,1446.2857142857142,363.46866563635285,1017.0,2708.0
EZY91NM,28,1536.642857142857,207.61328264895562,1141.0,2135.0
EZY56CL,28,1208.642857142857,205.88044252370503,974.0,1663.0
EZY71VB,28,1370.9285714285713,405.29138384637025,813.0,2868.0
EZY16KJ,28,1582.5714285714287,441.82202119484543,997.0,2603.0
EFW63N,28,1235.9285714285713,230.0510295357884,976.0,2004.0
BAW25K,28,1593.8214285714287,346.74850033817376,920.0,2321.0
EZY37MF,27,1765.037037037037,462.35538125504564,1231.0,2980.0
EFW4KL,27,1532.6296296296296,221.67598463803466,1139.0,2051.0
EZY95DZ,27,1449.4814814814815,380.1163152318157,952.0,2471.0
EZY64WT,27,1527.7777777777778,311.3632967517247,1066.0,2219.0
EZY21LR,27,1920.4814814814815,444.1192988003916,1307.0,2845.0
EZY8038,27,1204.888888888889,93.2244328048976,955.0,1376.0
AUR600A,26,1795.5,355.8169473198262,1153.0,2717.0
EZY28UJ,26,1303.1923076923076,249.58974646099054,988.0,1981.0
VLG6XR,26,1718.3461538461538,499.5898271428426,1158.0,2890.0
MAC101,26,1728.5,481.7670183812918,1155.0,2738.0
WUK99CJ,26,1626.6153846153845,400.15327832450174,1182.0,2721.0
NSZ4900,26,1978.1538461538462,380.30794809550764,1252.0,2759.0
EZY46PG,26,1813.076923076923,342.1756184273711,1337.0,2654.0
EZY18EV,26,1387.0,320.18732017367586,1013.0,2696.0
AHY107,26,1546.8461538461538,267.4348806431491,1130.0,2084.0
EZY52NR,26,1333.0,332.71296938953253,848.0,2087.0
WUK932R,26,1336.923076923077,350.0521016165363,976.0,2470.0
EZY38UA,26,1756.5,372.239949494946,1252.0,2703.0
EZY59QB,26,1191.6153846153845,143.63762095581419,970.0,1530.0
EZY62EZ,26,1327.576923076923,212.06492837372673,816.0,1807.0
EZY73AJ,26,1132.8461538461538,115.97506363272834,966.0,1381.0
RYR9YB,25,1766.36,345.54400105727,1246.0,2612.0
EZY47YE,25,1678.88,282.62450353782145,1203.0,2246.0
EZY43ZP,25,1561.0,413.31596065641276,1015.0,2415.0
EZY63GP,25,1828.44,556.3007340159337,1166.0,3433.0
EFW8XD,25,1656.6,367.6915600518094,1191.0,2835.0
EZY14ZC,25,1425.48,355.6450852558864,970.0,2456.0
AIC169,25,1684.96,491.0874396004578,1092.0,3335.0
EZY69PB,25,1600.16,437.1759447484121,1101.0,2829.0
AIC145,25,1808.52,405.7910094289096,1224.0,3102.0
VLG4EG,25,1566.84,425.1323009762177,1087.0,2958.0
BAW2256,25,1539.16,313.199973392932,1049.0,2214.0
VLG54EK,25,1569.12,292.41328059215544,1183.0,2273.0
EZY95TW,25,1416.4,291.53458914280935,1163.0,2569.0
WUK20PV,25,1378.6,220.80383450776696,1182.0,2180.0
EZY95HA,25,1593.36,378.7569449308267,1169.0,3077.0
EZY67PQ,25,1468.92,336.10748776743037,1056.0,2050.0
EZY98QZ,25,1522.28,432.1011185667849,1080.0,2629.0
VLG69AV,25,1515.48,385.0773861619679,1087.0,2934.0
EZY42HB,25,1718.4,537.2823590379022,1107.0,2900.0
AUR604A,25,1855.16,405.54743660061933,1307.0,3249.0
EZY67BV,25,1474.6,465.8976103537486,853.0,2871.0
EZY79GM,24,1451.1666666666667,293.1417028861887,891.0,2042.0
EZY72FC,24,1502.9166666666667,322.39591062605894,1004.0,2097.0
WUK1KV,24,1527.75,430.06614759167906,976.0,2749.0
EZY92YR,24,1725.5416666666667,381.2465799323909,1173.0,2701.0
EZY42VA,24,1568.6666666666667,391.0134732101748,1002.0,2546.0
AIC171,24,1682.0416666666667,359.42907375165265,1191.0,2393.0
EZY29RB,24,1203.25,274.61296875547526,941.0,2296.0
EZY28DC,24,1470.8333333333333,360.6154963834528,1013.0,2293.0
AUR8LG,24,1843.5,434.6159724150285,1299.0,2722.0
VLG9LN,24,1602.2916666666667,583.7447684649045,931.0,2912.0
CSN689,24,1604.75,338.1596291437059,1007.0,2686.0
VLG5QW,24,1466.7083333333333,314.90433042249606,997.0,2134.0
EZY75XP,23,1615.608695652174,280.98200187110575,1163.0,2313.0
BAW2204,23,1378.1739130434783,202.85298128400842,1030.0,1936.0
EZY26QV,23,1377.0434782608695,299.7313157814496,1040.0,2228.0
WUK83TD,23,1323.9565217391305,266.1681762039095,1004.0,2053.0
EZY68KG,23,1409.4782608695652,505.0883693667527,1041.0,3317.0
EZY12TN,23,1297.4782608695652,230.72078157674355,1006.0,1809.0
EZY43FZ,23,1579.4347826086957,370.8878568671958,1219.0,2612.0
BAW2064,23,1714.2608695652175,375.90039993585634,1215.0,2731.0
EZY31DW,23,1487.5217391304348,324.9851562435677,1097.0,2233.0
EZY94PD,23,1417.0869565217392,282.43952096679493,956.0,2291.0
EFW9ED,23,1391.1739130434783,285.3134882217538,961.0,2085.0
EZY86PK,23,1488.0,362.1840315741056,1026.0,2302.0
WJA52,23,1773.5217391304348,248.15919918933594,1410.0,2231.0
EJU48WM,23,1937.2173913043478,428.98208868327725,1367.0,2881.0
EFW2791,22,1705.8636363636363,512.89331439204,997.0,3322.0
EFW6ZM,22,1479.7272727272727,361.9951567445253,950.0,2089.0
EZY18PT,22,1267.090909090909,218.57480120760428,1034.0,2035.0
AIC149,22,1763.8181818181818,383.0431576285636,1151.0,2413.0
AUR2LG,22,1726.5454545454545,371.25292716790256,1353.0,3040.0
NSZ3524,22,1810.1818181818182,543.837041100298,1185.0,3216.0
EZY12MY,22,1709.7727272727273,453.6402950753133,1106.0,2998.0
WUK7LZ,22,1247.3181818181818,403.3900849129297,927.0,2900.0
EZY47YP,22,1698.8636363636363,388.35137445783556,1178.0,2401.0
EZY35GL,21,2012.5238095238096,535.4002819431103,1058.0,3023.0
AUR606A,21,1933.4285714285713,466.3914205287841,1376.0,3058.0
EZY12BR,21,1512.7142857142858,482.4950924990992,1101.0,3067.0
EZY86JV,21,1387.952380952381,289.0545755027026,1013.0,1976.0
EZY61PN,21,1364.4761904761904,282.2133269439307,1012.0,1977.0
EZY26QW,21,1746.4761904761904,487.77480654986874,1144.0,3008.0
EZY84EA,20,2175.15,382.5082420852626,1567.0,2804.0
EZY87EC,20,1354.2,231.78951431712437,979.0,2052.0
EZY35WT,20,1273.45,329.1866331941262,986.0,2500.0
EZY54NP,20,1610.65,435.2337877509052,1144.0,3014.0
EZY59LD,20,2116.15,537.7973865196525,1322.0,3208.0
EZY39XC,20,1417.7,351.3310180022914,867.0,2223.0
NSZ4EV,20,1832.95,314.1627930330321,1415.0,2726.0
EZY78AE,20,1467.6,591.5377284759834,804.0,2825.0
EZY14MZ,20,1461.75,210.281233990152,1054.0,1761.0
EZY24AZ,19,1696.578947368421,456.70855231141223,1165.0,2667.0
EZY23YX,19,1741.2631578947369,464.1674556672244,1160.0,2780.0
EZY16EL,19,1190.842105263158,190.49912894460954,1018.0,1898.0
EZY83FE,19,1531.5263157894738,364.5749989022305,1086.0,2530.0
EZY48JE,19,2040.8947368421052,473.67451257128994,1324.0,3151.0
EZY58TJ,19,1332.3157894736842,260.6153088007044,1047.0,1972.0
EZY36RE,19,1676.2631578947369,524.3279128884119,1041.0,2729.0
EFW38W,18,1500.7777777777778,396.8433615354693,995.0,2361.0
EZY76FQ,18,1500.6666666666667,518.6704722880698,1072.0,2916.0
VLG4XT,18,1684.8333333333333,380.4120444063408,1160.0,2564.0
EZY6512,18,1378.111111111111,215.813342249293,1074.0,1903.0
EJU8624,18,1664.0,454.2669596044107,1031.0,2698.0
EJU8675,18,1850.111111111111,443.8929241433965,1186.0,2785.0
VLG8946,18,1438.9444444444443,265.34338955226485,1075.0,1843.0
EZY24GE,18,1668.8333333333333,624.1296292579348,1083.0,3275.0
EZY47AN,18,1571.7222222222222,484.1540597730966,1025.0,2703.0
CTN494,18,1701.6666666666667,364.89805183817316,1112.0,2318.0
EZY32NA,18,1687.7222222222222,355.0555558112256,1177.0,2329.0
EZY16BD,17,1575.764705882353,435.5336567665817,966.0,2414.0
EZY15KC,17,1763.764705882353,391.676290036135,1243.0,2838.0
EZY67HA,17,1276.4117647058824,245.4338146078107,1013.0,1771.0
NOZ4YK,17,1604.4117647058824,285.56414752720826,1077.0,2227.0
EZY15BD,17,1630.5882352941176,482.5883415012646,1043.0,2602.0
EZY38MF,17,1643.0588235294117,345.4078152322692,1002.0,2354.0
THY3XJ,17,1652.5882352941176,388.1095300980655,1050.0,2213.0
EZY61JQ,17,1807.1176470588234,510.17189288916893,1094.0,2712.0
EZS76RG,17,1452.764705882353,240.03633303412755,1087.0,1898.0
EZY59ZL,17,1512.8823529411766,368.3072566405903,1095.0,2559.0
SXS86T,17,1523.8235294117646,395.6261232676183,1049.0,2348.0
WUK2QV,17,1510.7058823529412,395.96003029123443,970.0,2438.0
SXS4D,17,1330.0588235294117,294.5554851357032,1026.0,2193.0
CSN653,17,1375.8235294117646,218.29774257138965,1104.0,1846.0
EZY98ZL,17,1195.4705882352941,168.13131685049746,992.0,1627.0
EZY84KW,17,1524.1764705882354,347.52666000145183,1170.0,2409.0
EZY26QB,17,1578.5882352941176,291.0736716931664,1095.0,2063.0
EZY86TN,17,1311.6470588235295,138.86321560103246,1134.0,1543.0
EZY85KZ,17,1280.2941176470588,346.74878599388825,986.0,2469.0
EZY27JC,17,1553.764705882353,517.0267799413011,1006.0,2584.0
EFW8HZ,17,1695.5294117647059,515.932664895219,883.0,2946.0
VLG6VU,17,1834.8235294117646,520.886292209504,1299.0,2812.0
VOE2700,17,1486.235294117647,262.1756399371814,1127.0,2011.0
EZY8850,17,1496.6470588235295,496.53561568840036,862.0,2529.0
VLG6FL,16,1237.9375,164.58937541651957,1037.0,1740.0
EZY15RW,16,1667.5,317.12016649844264,1214.0,2261.0
EZY45TE,16,1564.0,447.1169869284772,993.0,2694.0
SWU1932,16,1748.5625,371.8730910315149,1179.0,2378.0
EZY63ZQ,16,1745.0625,450.8397303920763,1129.0,2790.0
EZY32ZP,16,1186.0625,144.5837560032247,964.0,1492.0
EZY89MR,16,1610.75,390.91269272477365,1046.0,2386.0
EFW71Q,16,1305.1875,152.69019560316679,1140.0,1684.0
EFW53C,16,1735.875,388.25917031453776,1142.0,2366.0
EZY45HP,16,1328.375,258.86569877061737,977.0,1973.0
EZY53HZ,16,1586.5625,286.0039553922288,1239.0,2246.0
EZY8308,16,1667.3125,535.9250841613343,973.0,2827.0
EFW5UX,16,1528.5,472.16522531842605,1010.0,2464.0
EZY54KJ,16,2010.5625,340.4328555922102,1628.0,2607.0
EZY15PT,16,1299.5625,344.9693645818422,1008.0,2472.0
EZY14JY,16,1722.0625,646.6830721716267,1051.0,2978.0
EZY93EU,16,1845.5625,546.989941254255,1086.0,3158.0
EFW4TA,16,1281.25,268.50909357661106,1059.0,2131.0
BAW16PA,16,1294.5,176.92371237344074,907.0,1690.0
AUR610A,16,1815.6875,253.72129558500475,1475.0,2280.0
EFW7EM,16,1336.0625,278.52024911425497,988.0,2016.0
EFW5JA,15,1598.8666666666666,371.069663591751,1152.0,2257.0
EZY42WQ,15,1267.4666666666667,178.930899138932,981.0,1546.0
EZY76DG,15,1465.4,448.1047071516081,1034.0,2901.0
EZY52GL,15,1205.6666666666667,137.4864495487603,1022.0,1430.0
EZY74GV,15,1300.0666666666666,323.52709461864384,949.0,2049.0
RAM814,15,1808.8,413.78103250045535,1228.0,2504.0
EZY97BN,15,1493.9333333333334,251.85893633048602,1150.0,2017.0
EZY72QP,15,1246.2,212.06070559427758,830.0,1736.0
BA923,15,2323.8,424.80166800856273,1644.0,3002.0
EZY27DB,14,1167.7142857142858,201.3078119816396,918.0,1707.0
EZY51FW,14,1491.0,449.0590161660269,1003.0,2757.0
EJU41WU,14,1446.0,337.34734439332817,918.0,2216.0
EZY8538,14,1530.2142857142858,319.36576054891833,1192.0,2353.0
EZY8200,14,1385.142857142857,223.8979359312759,1090.0,1719.0
EZY78ZD,14,1561.857142857143,369.9014124669639,983.0,2197.0
BAW2158,14,1604.7857142857142,528.3511621539699,1083.0,3274.0
EJU72TK,14,1635.857142857143,263.7854189540189,1200.0,2007.0
THY1929,14,1524.5714285714287,403.19564143815506,1047.0,2691.0
WUK62CP,14,1178.0714285714287,275.1987992722336,863.0,1736.0
EZY8606,13,1449.076923076923,248.5968830384047,1062.0,2086.0
EZY67UW,13,1293.0,190.99040115496206,1043.0,1759.0
EZY61RC,13,1910.3846153846155,262.3224918751531,1481.0,2321.0
NSZ4457,13,1841.923076923077,436.0602904680463,1118.0,2823.0
EZY6314,13,1523.6153846153845,453.5194847819916,1067.0,2595.0
EZY94EK,13,1749.076923076923,313.84589146545096,1216.0,2172.0
RZO544,13,1619.5384615384614,404.8558622902344,1174.0,2670.0
EZY97GF,13,1311.923076923077,151.37616585758667,1025.0,1550.0
EZY71AJ,13,1360.6153846153845,318.32230481634446,1067.0,2170.0
EZY64UH,12,1226.8333333333333,122.92409582068659,1089.0,1510.0
NSZ5CY,12,1601.0,222.91906399164048,1403.0,2140.0
EZY54DK,12,1150.8333333333333,174.58149091383362,983.0,1540.0
EZY92UF,12,1693.0,263.62473328578255,1250.0,2066.0
EZY37VT,12,1287.8333333333333,136.617470820292,1079.0,1570.0
EZY36AM,12,1265.75,301.2411069981229,969.0,1980.0
EZY12GB,12,1721.4166666666667,359.7472492366458,1265.0,2342.0
EZY74TU,12,1331.0833333333333,293.43032573441695,945.0,2013.0
EZY36RB,12,1580.4166666666667,531.929499486767,1005.0,2758.0
EZY18HU,12,1314.1666666666667,271.1238674760145,996.0,1876.0
EZY68NJ,11,1474.1818181818182,194.65549988727167,1063.0,1725.0
EZY64XH,11,1618.4545454545455,411.3301262091955,1180.0,2541.0
EJU53UK,11,1534.4545454545455,402.50251269684355,1087.0,2266.0
EZY28DG,11,1640.8181818181818,454.5729464413425,1024.0,2409.0
EFW6XH,11,1675.1818181818182,702.1419825337064,1013.0,3418.0
EZY58GA,11,1590.909090909091,443.8192097116696,1133.0,2378.0
EZY43YZ,10,1400.0,265.4447002463769,1110.0,1925.0
EZY17RU,10,1280.3,168.32049455989872,1071.0,1523.0
FHY1591,10,1872.8,268.23488877391685,1395.0,2331.0
EZY25TX,10,1688.7,402.87358094347934,1198.0,2453.0
TOM1HV,9,1565.0,532.5183095443762,1082.0,2687.0
TOM547,9,1649.888888888889,416.0455036544814,1070.0,2366.0
TOM1MX,9,1402.5555555555557,385.1551995985226,1003.0,2287.0
TOM3GC,9,1128.3333333333333,96.04816500069118,1013.0,1271.0
TOM1HM,9,1696.7777777777778,470.23179863174335,1192.0,2759.0
TOM579,9,1520.111111111111,636.2113336864654,1142.0,3128.0
TOM1KC,9,1178.0,262.99477181115213,1020.0,1866.0
TOM3FN,9,1876.7777777777778,371.18114774924175,1211.0,2446.0
TOM57G,9,1892.0,388.98971708774,1040.0,2485.0
TOM5BT,9,1701.111111111111,369.78082847967,1317.0,2261.0
TOM681,9,1129.888888888889,68.25585038010377,989.0,1218.0
TOM33X,9,1892.7777777777778,439.0955982977334,1352.0,2566.0
TOM63N,9,1204.888888888889,117.1798238226663,1068.0,1378.0
TOM61G,9,1659.111111111111,571.5105957995102,1043.0,3046.0
TOM5GE,9,1962.5555555555557,607.7501771104454,1243.0,3057.0
TOM5DK,9,1297.6666666666667,230.5433798659159,924.0,1766.0
TOM5DG,9,1201.5555555555557,149.17364974343752,1078.0,1536.0
TOM53H,9,1308.2222222222222,198.70252752404645,1041.0,1750.0
TOM591,9,1296.3333333333333,530.4443891681766,1013.0,2702.0
NSZ4453,9,1680.5555555555557,304.8582093002873,1351.0,2234.0
TOM38V,9,1815.7777777777778,290.8357688532214,1449.0,2231.0
TOM5AE,9,1877.888888888889,471.8279465134628,1272.0,2469.0
TOM3FA,9,1167.7777777777778,102.7129224803016,1067.0,1354.0
TOM1XM,9,1520.2222222222222,221.4169018942421,1147.0,1812.0
TOM1VD,9,1653.6666666666667,261.0814049295737,1192.0,2125.0
TOM69J,9,1714.111111111111,485.29899145898827,1008.0,2792.0
TOM47L,9,1515.888888888889,402.8999393287508,1204.0,2551.0
TOM085,9,1365.6666666666667,115.01847677655968,1195.0,1538.0
TOM3ME,9,1961.7777777777778,452.7940419710096,1236.0,2821.0
TOM26Y,9,1130.6666666666667,99.7020561473032,991.0,1335.0
TOM2JD,9,1496.4444444444443,415.77701689460633,1051.0,2468.0
TOM2VG,9,1891.3333333333333,440.25901467204505,1116.0,2622.0
TOM4EK,9,1729.111111111111,328.3045249628934,1276.0,2139.0
TOM4ED,9,1641.6666666666667,328.3325296098454,1070.0,2033.0
TOM4DN,9,1100.4444444444443,106.71587406650318,968.0,1291.0
TAR794,9,1586.6666666666667,340.77375192347193,1150.0,2212.0
NSZ3512,9,1636.111111111111,294.1264372869449,1221.0,2029.0
TOM40N,9,1636.2222222222222,657.5442528411638,1104.0,3266.0
TOM017,9,1391.0,116.95939466327619,1235.0,1621.0
FLI416,9,1601.0,315.5368441244223,1152.0,2118.0
TOM2YT,9,1796.111111111111,535.2846075791,1287.0,2988.0
TOM31D,9,1959.4444444444443,439.4883704693195,1273.0,2601.0
FHY1587,9,1623.111111111111,498.8207204107615,1180.0,2756.0
TOM433,9,1794.888888888889,486.2621320965793,1227.0,2733.0
TOM491,9,1929.5555555555557,407.1151898146,1131.0,2389.0
TOM43G,9,1133.7777777777778,111.61628216548178,970.0,1271.0
TOM4GD,9,1608.888888888889,281.0211043873949,1219.0,2112.0
EZY96CD,9,1921.0,514.840023696682,1399.0,3043.0
TOM1BA,9,1472.6666666666667,271.31531471702806,1191.0,2107.0
TOM075,9,1385.888888888889,315.65346681307193,917.0,2069.0
TOM3TH,9,1170.3333333333333,135.82525538352579,1052.0,1498.0
TOM517,9,1338.4444444444443,120.73639789962999,1197.0,1485.0
TOM511,9,1332.111111111111,187.34222991923394,1053.0,1717.0
TOM407,9,1099.888888888889,59.90501741182546,1024.0,1200.0
TOM2TX,9,1592.4444444444443,288.5966524022373,1279.0,2292.0
TOM16M,9,1130.4444444444443,139.4866580636936,924.0,1357.0
TOM2EW,9,2320.777777777778,616.2734331807956,1536.0,3450.0
TOM071,9,1364.0,312.38157756180186,1060.0,1976.0
TOM4GE,9,1226.7777777777778,219.0489544472752,980.0,1734.0
TOM065,9,1410.5555555555557,241.9003467913549,1182.0,2008.0
TOM055,9,1256.3333333333333,201.11812449403956,882.0,1495.0
TOM4TB,9,1461.3333333333333,334.21250724651225,974.0,1902.0
TOM4HV,9,1173.4444444444443,244.92096230779794,938.0,1699.0
TOM409,9,1626.0,434.5926253400994,1234.0,2398.0
TOM023,9,1314.111111111111,139.78594747366813,1123.0,1536.0
TOM4GY,9,1183.7777777777778,130.39725627652004,1021.0,1402.0
EZY87CM,9,1545.7777777777778,399.9589909533782,1132.0,2297.0
TOM20H,9,1375.111111111111,361.88031324059494,1013.0,2191.0
TOM6AV,9,1116.4444444444443,123.97692437618291,992.0,1357.0
ENT444,9,1717.111111111111,295.55602025861543,1234.0,2088.0
TOM8PV,9,1884.2222222222222,287.72981153235486,1445.0,2325.0
TOM7MW,9,1600.4444444444443,548.5287392450625,1091.0,2666.0
ENT432,9,1645.0,534.9156475557617,1112.0,2388.0
TOM7KC,9,1559.3333333333333,510.67479867328484,1180.0,2740.0
TOM7GA,9,1583.5555555555557,236.154139870081,1276.0,2042.0
EZY830,9,1805.6666666666667,387.7302541716341,1388.0,2478.0
ENT440,9,1855.888888888889,276.1124972019758,1466.0,2251.0
TOM7FL,9,1869.3333333333333,208.17060311196678,1537.0,2184.0
TOM8KV,9,1679.7777777777778,319.96475500349163,1127.0,2051.0
UZB203,9,1676.5555555555557,332.72177232302937,1170.0,2095.0
EZY71QD,9,1850.0,478.3212832396233,1170.0,2608.0
EZY61XB,9,1563.6666666666667,439.3008650116683,1159.0,2578.0
TOM9DH,9,1526.7777777777778,461.86815699336154,924.0,2262.0
TOM20K,9,1379.6666666666667,344.4241571086442,1052.0,2148.0
TOM7BD,9,1903.4444444444443,561.1325848476256,1163.0,2970.0
TOM7AD,9,1241.888888888889,136.5086484846697,928.0,1409.0
TOM8MH,9,1760.3333333333333,347.1264178941154,1354.0,2449.0
EZY8026,9,1630.6666666666667,425.7223273449491,1237.0,2534.0
CFE3294,9,1866.6666666666667,373.62882651101745,1384.0,2455.0
CAI1P,9,1654.6666666666667,363.46423482923313,1215.0,2288.0
CAI49KC,9,2096.0,583.2160834544947,1200.0,2791.0
CAI45UE,9,1831.888888888889,349.3481230965913,1272.0,2456.0
EFW4GZ,9,1773.888888888889,424.8456909409711,1390.0,2823.0
VLG8470,9,1637.111111111111,477.5029959184666,1233.0,2676.0
TOM87X,9,1342.111111111111,194.5202074621326,1118.0,1698.0
EZY74HQ,9,1576.5555555555557,301.6318580285872,1218.0,2235.0
CAI3C,9,1550.888888888889,411.54721613821073,1003.0,2377.0
EZY75TM,9,1518.3333333333333,325.867304281973,1109.0,2159.0
EZY6506,9,1892.2222222222222,462.3893861719194,1226.0,2933.0
EZY6570,9,1551.2222222222222,205.40495233670595,1283.0,1857.0
ENT428,9,1489.6666666666667,277.3490580477965,1186.0,1915.0
EZY6536,9,1863.7777777777778,312.01954176692914,1307.0,2310.0
EZY78DJ,9,1216.2222222222222,135.7596937402425,1020.0,1422.0
TOM8EX,9,1325.111111111111,208.1762741311101,1081.0,1714.0
CAI1EF,9,1657.7777777777778,320.59857211853637,1110.0,2050.0
EZY6528,9,1373.0,322.0085402594161,1016.0,2065.0
TOM9EW,9,1812.888888888889,408.6570825412318,1268.0,2523.0
EZY8436,9,1399.0,210.12555770300764,1074.0,1750.0
TOM6YA,9,1901.4444444444443,499.6441511493733,871.0,2526.0
TOM9HK,9,1490.2222222222222,339.9208649736648,1036.0,1954.0
EZY86FR,9,1093.0,112.58441277548151,952.0,1268.0
EFW7PX,9,1671.7777777777778,572.9811903059684,1147.0,2793.0
EZY18MG,9,1337.7777777777778,399.79612860112144,990.0,2324.0
EZY18KY,9,1177.111111111111,122.33912338704701,1053.0,1346.0
EZY34PD,9,1697.7777777777778,448.7306479887957,1126.0,2638.0
CXI9HP,9,1685.6666666666667,399.59354349138323,1322.0,2502.0
EZY38TK,9,1998.6666666666667,406.7148878514284,1380.0,2622.0
EZY8610,9,1772.0,439.1158730904634,1079.0,2206.0
EZY85LB,9,1624.2222222222222,693.3946887916322,1022.0,3304.0
EZY46DY,9,1465.6666666666667,408.2832962539614,1116.0,2401.0
EZY8594,9,1536.6666666666667,463.24588503299196,1205.0,2651.0
TOM6ND,9,1758.111111111111,417.68841390576205,1233.0,2331.0
EZY15MP,9,1830.4444444444443,438.5544752682131,1181.0,2630.0
CAI95PE,9,2043.3333333333333,445.05308672112363,1372.0,2570.0
EZY52TU,9,1261.5555555555557,221.6941085770612,1057.0,1785.0
TUA427,9,1997.4444444444443,350.7242902591404,1443.0,2439.0
EZY48WQ,9,1370.888888888889,350.62424489916714,974.0,2178.0
TOM9GK,9,1621.0,391.458171456415,1069.0,2125.0
TOM9HG,9,1495.0,202.58825237411963,1222.0,1923.0
EZS95LQ,9,1545.111111111111,364.8973980602097,1075.0,2161.0
TOM6TA,9,1662.5555555555557,378.34610844804223,1137.0,2299.0
EZY24BE,8,1594.25,265.65216247674596,1150.0,1943.0
EJU8532,8,1909.75,437.47710144156605,1333.0,2887.0
TOM3XL,8,1164.5,165.3844007154242,895.0,1392.0
EZY23GZ,8,1372.625,153.80315573578363,1158.0,1536.0
EZY6562,8,1340.375,171.64160126762476,1105.0,1613.0
ENT404,8,1353.125,125.3742255352807,1182.0,1521.0
TOM2JW,8,1412.375,461.0528130578659,1033.0,2384.0
EZY28NF,8,1858.25,525.8024479647411,1345.0,2607.0
TOM2HB,8,1237.0,88.58248778882393,1103.0,1405.0
EZY24EV,8,1230.375,87.03683538758585,1125.0,1375.0
EZY24BN,8,1984.25,392.1926458114321,1465.0,2353.0
TOM2PM,8,1642.875,365.0868536585311,1232.0,2369.0
EZY6586,8,1473.625,337.8376353474297,1001.0,1861.0
UBD115,8,1674.5,485.95502437394936,1031.0,2542.0
EZY6592,8,1157.125,125.37764382627618,1052.0,1393.0
EJU8538,8,1273.125,113.22599083249392,1165.0,1482.0
TOM2K,8,1515.5,376.68933770795417,979.0,2150.0
EJU8542,8,1846.75,357.795931462934,1331.0,2484.0
NOZ14X,8,1558.375,376.07101817912763,971.0,2016.0
ENT448,8,1405.75,431.2254133778031,1055.0,2282.0
UBT778,8,1591.0,267.64582140262473,1194.0,1950.0
NOZ1312,8,1726.125,450.9911109355229,1137.0,2561.0
TOM90E,8,1603.75,440.0340084259722,1179.0,2466.0
TOM35T,8,1801.25,572.2978120823858,1194.0,2553.0
ENT438,8,1473.125,186.58849872685843,1218.0,1741.0
TOM6BD,8,1629.25,389.41412036912214,1153.0,2344.0
EZY45XD,8,1262.875,214.08372027250059,1024.0,1609.0
TOM3AB,8,1125.5,136.09345528506714,931.0,1324.0
EZY42TR,8,1328.5,326.9967234436106,1112.0,2110.0
EZY6306,8,1342.625,154.03240614512626,1026.0,1581.0
EZY37LB,8,1170.125,75.74475465101763,1064.0,1311.0
TOM29B,8,1776.75,305.4260490340852,1445.0,2345.0
EZY14HN,8,1553.625,479.6659365790797,1083.0,2389.0
NSZ2770,8,1867.625,496.84632217330835,1240.0,2973.0
ENT430,8,1455.375,485.96970437613555,1108.0,2563.0
TOM3GX,8,1351.0,138.06830607658353,1211.0,1641.0
TOM3KB,8,1466.5,162.89435665047282,1214.0,1733.0
TOM8JB,8,2057.125,425.72104800477706,1342.0,2579.0
EZY62TU,8,1377.0,458.993930865571,1058.0,2462.0
EZY35HV,8,1139.375,114.13017317331742,965.0,1320.0
TOM039,8,1609.625,329.96057664947966,1196.0,2175.0
VLG5KB,8,1896.375,384.48256044418224,1311.0,2513.0
TOM6VA,8,1861.375,678.4006270002156,1163.0,3289.0
TOM22E,8,1628.375,317.1646429132442,1242.0,2134.0
EZY91CL,8,1190.0,200.45092024875174,1024.0,1646.0
EFW96J,8,1268.75,193.69324053402437,1047.0,1555.0
TOM259,8,1392.125,144.7287487484284,1160.0,1586.0
TOM55M,8,1191.5,64.08922352025004,1106.0,1270.0
TOM54J,8,1150.875,166.3322299324028,968.0,1502.0
EZY92YK,8,1509.375,308.45001331542477,1125.0,1947.0
TOM1EK,8,1358.875,376.9939133650379,1079.0,2233.0
TOM771,8,1030.0,118.57728040637224,860.0,1200.0
TOM783,8,1396.625,579.1370273334036,1026.0,2809.0
EJU34HL,8,1502.875,330.5045655617224,1143.0,2159.0
EFW4TS,8,1231.5,218.12709270383763,984.0,1682.0
TOM533,8,1740.5,486.4753701003636,1261.0,2677.0
TOM11J,8,1692.25,459.5441063861941,1077.0,2659.0
TOM59A,8,1485.5,396.9742704868559,1070.0,2087.0
TOM1ET,8,1667.0,524.0708785214895,1179.0,2678.0
TOM51K,8,1474.5,243.52236623592268,1217.0,1846.0
TOM21X,8,1349.375,283.47080348524685,999.0,1931.0
TOM6AM,8,1161.0,95.74818163137243,1034.0,1306.0
TOM6CD,8,1069.75,173.31371225942524,814.0,1341.0
TOM6CG,8,1148.75,335.5561481651448,898.0,1952.0
EFW7CD,8,1520.25,289.4145568458603,1029.0,1940.0
TOM65L,8,1725.625,466.7887064064119,1338.0,2585.0
EZY9003,8,1896.0,456.88135377641686,1248.0,2424.0
TOM643,8,1332.625,288.3103176886223,1084.0,1960.0
TOM1FG,8,1411.75,345.3212789769633,987.0,2009.0
EFW7ZP,8,1443.5,288.6124440441591,1075.0,1972.0
EFW8633,8,1415.625,403.94940896107266,980.0,2272.0
EFW93D,8,1204.125,120.08144557519523,1051.0,1420.0
TOM611,8,1151.125,129.85424521362407,904.0,1355.0
TOM5HL,8,1152.75,79.1792721793851,1021.0,1269.0
TOM5GT,8,1556.375,349.0517511773863,1114.0,1996.0
TOM093,8,1502.125,237.73060233321723,1237.0,1922.0
TOM11T,8,1421.75,287.77558220649246,1076.0,2020.0
TOM7FC,8,1549.875,348.31571782753974,1048.0,2007.0
TOM7PT,8,1804.0,675.6340937011902,1101.0,2985.0
TOM443,8,1544.625,364.01881328932905,1070.0,2104.0
TOM037,8,1626.375,343.42141438346977,1227.0,2220.0
TOM465,8,1307.5,469.95744488198073,1037.0,2461.0
EZY18ZJ,8,1614.625,464.78287941790626,1049.0,2436.0
EZY75TP,8,1321.0,279.4295208864968,1087.0,1876.0
TOM053,8,1573.5,498.6816906318384,1101.0,2562.0
EZY76BE,8,1620.875,336.32018651449226,1251.0,2116.0
EZY76PH,8,1233.875,266.5651555302327,925.0,1646.0
CAI1GG,8,1548.0,339.7684085205266,1148.0,2129.0
TOM863,8,1279.625,132.76180334934978,1012.0,1416.0
EZY79ZY,8,1612.375,595.4486753700943,1051.0,2976.0
TOM85M,8,1170.875,137.17292267166184,989.0,1377.0
TOM057,8,1347.75,216.89875847632558,1040.0,1679.0
TOM7WB,8,1317.875,97.47737832807306,1204.0,1467.0
EZY21HY,8,1469.5,330.94712568626426,1121.0,2066.0
EZY82DR,8,1691.125,368.90124017140414,1154.0,2294.0
EZY95CR,8,1209.375,200.2683467607543,898.0,1515.0
EFW5CV,8,1695.375,306.10546151845864,1340.0,2278.0
EZY8364,8,1584.125,429.4922043197392,1282.0,2560.0
TOM50V,8,1971.125,413.265890715132,1521.0,2607.0
TOM4LY,8,1517.5,300.63314141040024,1236.0,2151.0
EZY8250,8,1642.625,417.7658050357196,1191.0,2438.0
TOM50D,8,1482.5,353.0540225760682,1122.0,2203.0
EZY8258,8,1144.125,90.48510137823008,1039.0,1317.0
EZY8264,8,1138.25,86.26164517658718,1043.0,1306.0
EFW5AL,8,1404.75,511.6795174437106,1013.0,2584.0
TOM025,7,1459.7142857142858,248.61463773325593,1277.0,1987.0
TOM207,7,1154.4285714285713,104.3932583117913,1009.0,1291.0
TOM1VG,7,1591.7142857142858,548.2358720738468,890.0,2582.0
TOM045,7,1745.142857142857,331.2211892232684,1159.0,2276.0
TOM049,7,1566.142857142857,386.75807622312107,933.0,2030.0
TOM1DT,7,1387.5714285714287,271.3999859634344,1020.0,1878.0
TOM16Y,7,1578.2857142857142,274.82643873647135,1194.0,1880.0
EZY13BP,7,1218.0,145.1665709911663,1044.0,1439.0
TUA423,7,1834.5714285714287,303.0785690998607,1250.0,2089.0
EZY15YV,7,1258.857142857143,158.00889064799335,997.0,1409.0
EJU6717,7,1502.0,205.33062768780178,1271.0,1781.0
EJU47FL,7,1578.0,471.8658001310684,1169.0,2582.0
EFW3UL,7,1483.142857142857,316.84876969485435,1082.0,2095.0
EFW55C,7,1804.4285714285713,433.4285243431559,1127.0,2292.0
EZY13HZ,7,1179.7142857142858,151.12325464745027,992.0,1458.0
TOM22M,7,1347.4285714285713,251.50669781860498,1042.0,1709.0
TOM273,7,1425.2857142857142,232.3077802440219,1161.0,1841.0
TOM39B,7,1557.857142857143,284.21202682236407,1175.0,1925.0
EZY64UK,7,1772.5714285714287,334.5598387647354,1409.0,2174.0
TOM90T,7,1162.4285714285713,105.02992770770487,1053.0,1336.0
TOM3CJ,7,1639.4285714285713,408.1212471569599,1259.0,2382.0
EZY6548,7,1414.7142857142858,222.51495401861143,1065.0,1681.0
TOM8CE,7,1453.2857142857142,593.4390489021638,1056.0,2677.0
EZY69AK,7,1130.0,130.63179806871935,970.0,1329.0
TOM423,7,1171.2857142857142,150.1851238590941,1001.0,1483.0
EZY69DL,7,1420.7142857142858,454.0244906337521,1060.0,2381.0
TOM627,7,1162.857142857143,117.57186252306656,975.0,1335.0
TOM6GY,7,1092.142857142857,72.13974533599949,1031.0,1239.0
TOM441,7,1097.5714285714287,86.57724324335493,994.0,1218.0
TOM459,7,1092.7142857142858,100.61596010858031,987.0,1277.0
EZY25MX,7,1243.0,201.78536451718523,1031.0,1568.0
TOM4AX,7,1196.142857142857,70.08905899265727,1068.0,1275.0
TOM597,7,1397.2857142857142,196.67546388718165,1161.0,1671.0
TOM82H,7,1288.5714285714287,236.77475734183682,993.0,1756.0
TOM7XJ,7,1218.4285714285713,213.58515643091647,990.0,1545.0
TOM7PN,7,1331.857142857143,236.6702548353078,1058.0,1692.0
TOM501,7,1190.4285714285713,119.10199710452264,1099.0,1447.0
BGH5551,7,1754.5714285714287,326.0781384591006,1369.0,2225.0
TOM56E,7,1553.7142857142858,573.1235219641325,1061.0,2650.0
TOM8VL,7,1692.0,238.4386713601634,1350.0,2009.0
TOM71T,7,1633.5714285714287,356.68840610204734,1310.0,2316.0
TOM321,7,1542.7142857142858,344.80850448024734,1154.0,1967.0
EZY46AN,7,1785.5714285714287,612.0105819190976,1148.0,2757.0
EZY34KL,7,1202.0,118.07483502705676,1039.0,1386.0
TOM69B,7,1897.5714285714287,235.07364600826494,1685.0,2365.0
EZY8689,7,1896.2857142857142,383.4760810818646,1457.0,2601.0
TOM9VG,7,1475.857142857143,527.8047077507073,1087.0,2567.0
TOM91H,7,1673.7142857142858,499.46662026796616,1171.0,2568.0
BA925,7,1894.857142857143,257.2420575848284,1470.0,2235.0
CXI83GV,7,1442.857142857143,307.6298796559639,1074.0,1905.0
EZY39XA,7,1391.7142857142858,111.93705714331051,1195.0,1558.0
EZY47EK,7,1226.2857142857142,128.41691774024463,1069.0,1440.0
NSZ3811,7,1711.2857142857142,428.5011529683883,1034.0,2113.0
TOM97A,7,1079.2857142857142,112.40657496444811,981.0,1304.0
TOM9AE,7,1105.7142857142858,58.820955125743765,1041.0,1197.0
TOM64H,7,1097.0,73.30984472315663,984.0,1182.0
EZY54QK,7,1652.4285714285713,253.2902532292792,1349.0,2005.0
EFW5RS,6,1272.6666666666667,95.49589869029279,1187.0,1447.0
EZY8612,6,1470.8333333333333,315.33817825735383,1182.0,2025.0
TOM64Y,6,1097.6666666666667,102.21089309201179,988.0,1251.0
EZY9001,6,2118.6666666666665,563.036647711911,1393.0,2841.0
TOM1WA,6,1190.8333333333333,230.54233161540347,1011.0,1593.0
TOM593,6,1214.3333333333333,242.11622553366112,998.0,1639.0
TOM1WY,6,1261.8333333333333,317.5023884424598,1050.0,1900.0
TOM6DK,6,1187.1666666666667,144.35292399763387,970.0,1375.0
TOM6PG,6,1127.8333333333333,57.884079561367045,1053.0,1177.0
TOM7BX,6,1148.8333333333333,125.66847920885598,993.0,1358.0
TOM4617,6,1107.5,88.72372850596395,1029.0,1251.0
TOM87C,6,1516.5,280.00553565956517,1235.0,1990.0
TOM86Y,6,1177.6666666666667,187.26202676107792,828.0,1338.0
NSZ90U,6,1487.0,220.5456868768918,1143.0,1693.0
TOM5311,6,1443.3333333333333,195.38850187937533,1149.0,1678.0
TOM7XB,6,1181.0,110.48076755707305,1043.0,1367.0
EZY16XV,6,1178.3333333333333,147.36847243106874,1054.0,1379.0
TOM31B,6,1591.3333333333333,239.20089186009875,1267.0,1807.0
TOM46A,6,1189.1666666666667,107.25001942501768,1074.0,1374.0
TOM5329,6,1689.5,317.8041849944711,1375.0,2113.0
TOM437,6,1144.6666666666667,112.53029221799194,1000.0,1286.0
TOM8DA,6,1627.5,323.0701162286602,1314.0,2142.0
EZY6308,6,1638.0,406.78249716525414,1154.0,2329.0
TOM2NE,5,1151.8,77.65758172902373,1035.0,1243.0
WUK5VT,5,1060.8,139.78447696364574,839.0,1170.0
TOM2GA,5,1182.2,51.60620117776545,1125.0,1252.0
TOM7CK,5,1142.0,128.05662809866578,1041.0,1326.0
TOM6KE,5,1124.2,180.94391396231043,833.0,1326.0
TOM6KX,5,1312.2,272.9380882178228,1090.0,1703.0
TOM4AM,5,1085.2,36.64287106655264,1033.0,1133.0
TOM4DL,5,1065.2,72.24749130592704,943.0,1130.0
TOM6TJ,5,1141.0,74.45468420455492,1071.0,1238.0
TSC492,5,1337.4,169.78309692074768,1150.0,1606.0
EZY836,5,1673.0,420.6352339022493,1120.0,2147.0
TOM1PH,5,1098.6,149.498494975702,892.0,1286.0
EZY9004,5,2137.4,842.365300804823,1139.0,3295.0
EFW1FX,5,1455.6,604.0192877715082,1138.0,2529.0
EFW95P,5,1188.8,181.4364902658779,1035.0,1475.0
EJU8375,5,1845.4,436.6168801134469,1243.0,2444.0
EJU8469,5,1497.0,159.32670836994026,1289.0,1650.0
EZY17RN,5,1462.8,125.58343839854047,1311.0,1591.0
EZY46VW,5,1994.6,241.07529943982234,1695.0,2286.0
EZY6420,5,1623.2,417.97631511845265,1123.0,2239.0
EZY6590,5,1526.6,329.5698711957754,1255.0,2093.0
EZY8512,5,1772.2,275.0049090470932,1501.0,2127.0
EZY6582,5,1994.0,816.8684104554417,1030.0,3206.0
TOM1CD,5,1413.0,294.8957442894014,1175.0,1926.0
TOM1AL,5,1693.6,348.64709951468114,1197.0,2090.0
WMT6901,4,1597.5,445.00524341480144,1069.0,2153.0
EZY96RT,4,1858.0,155.83538323072418,1715.0,2080.0
EZY6502,4,1336.0,114.36199835026785,1201.0,1457.0
EZY6530,4,1794.5,388.49667523244864,1364.0,2227.0
TOM8BT,4,1252.75,117.95867920589822,1076.0,1316.0
EZY74EF,4,1427.25,77.6203366822553,1339.0,1502.0
EZY79WN,4,1645.5,396.4614314995428,1286.0,2110.0
EFW67I,4,1623.0,615.2435831982863,1188.0,2535.0
EJU18CB,4,1501.5,291.42694910846296,1231.0,1776.0
EJU8369,4,1342.0,168.72067646458353,1132.0,1532.0
EZY8140,4,1356.75,150.73016729683988,1264.0,1582.0
EZY9005,4,1358.0,243.89341934541818,1139.0,1687.0
EZY9002,4,2065.5,275.97644827050004,1782.0,2413.0
EZY898,4,2263.25,598.8173761673921,1630.0,3070.0
EJU8371,4,1448.25,261.78155651866183,1256.0,1834.0
EZY87FN,4,1640.25,499.93824618646653,1161.0,2097.0
TOM6EB,4,1702.25,573.3517681144796,1286.0,2524.0
EJU8458,4,1306.25,255.49478142093884,1084.0,1666.0
EZY8256,4,1653.5,366.1024446790816,1292.0,2154.0
EZY8580,4,2027.0,540.2332829435817,1248.0,2490.0
EJU8546,4,1551.5,297.5102239139578,1225.0,1884.0
EZY8368,4,1689.25,209.78302282755547,1420.0,1918.0
EZY854,4,2087.75,435.27950790268085,1444.0,2390.0
EZY8526,4,1568.75,441.7022941605201,1268.0,2224.0
VJT129K,4,1281.75,140.9311297525615,1085.0,1420.0
EZY9938,4,1791.5,605.982673019617,1166.0,2537.0
EZY9006,4,1929.25,576.5508795125255,1201.0,2583.0
EZY6398,4,1147.0,71.4282857137143,1075.0,1239.0
EZY6402,4,2152.25,188.62197645025358,1885.0,2321.0
EZY38QT,4,1917.75,639.9330043059196,1351.0,2800.0
EZY25AD,4,1509.25,263.09741541870005,1165.0,1779.0
EZY23JY,4,1754.0,617.6412119237727,1278.0,2653.0
EZY21CT,4,1426.5,157.97151641989134,1212.0,1561.0
BAW2274,4,1897.0,354.3002493178161,1464.0,2275.0
EZS8490,4,1588.0,193.03712941642428,1394.0,1827.0
EZY51UV,4,1202.25,166.63408014768967,1014.0,1385.0
EZY63UE,4,1232.25,174.43504044008282,1072.0,1393.0
EZY48EJ,4,1393.5,238.12391732037338,1089.0,1586.0
EFW5OH,3,1561.3333333333333,256.3987779482058,1266.0,1727.0
EZY8671,3,1495.6666666666667,210.24350961048316,1256.0,1649.0
EJU8408,3,1620.3333333333333,180.88762625821963,1508.0,1829.0
EJU8359,3,1227.0,141.90489773083945,1075.0,1356.0
EZY9008,3,1974.0,1241.5389643502938,1171.0,3404.0
EZY8066,3,1563.6666666666667,307.7991769536321,1294.0,1899.0
EFW2793,3,1209.0,178.50210082797346,1031.0,1388.0
EZY8142,3,1140.0,72.38093671679029,1058.0,1195.0
EFW9759,3,1435.0,251.42792207708357,1159.0,1651.0
EJU51MC,3,1175.3333333333333,191.2624723601923,998.0,1378.0
EZY87FW,3,1273.3333333333333,214.50485619988496,1113.0,1517.0
TOM7NK,3,1075.3333333333333,47.05670338361295,1022.0,1111.0
EZY9660,3,1563.0,445.76787681482836,1050.0,1856.0
APK7576,3,1365.0,33.04542328371661,1327.0,1387.0
EZY6486,3,1962.3333333333333,636.2077752851919,1491.0,2686.0
EZY6454,3,1237.6666666666667,78.00854654032041,1183.0,1327.0
EFW9OY,2,1414.5,133.64318164425748,1320.0,1509.0
EFW9750,2,1661.5,709.2281015301072,1160.0,2163.0
EFW9751,2,1746.5,532.4514062334703,1370.0,2123.0
EZY8744,2,1493.0,311.1269837220809,1273.0,1713.0
EZY8127,2,1645.0,862.670273047588,1035.0,2255.0
BAW9608,2,1185.5,6.363961030678928,1181.0,1190.0
FHY1515,2,1999.5,290.62088706767105,1794.0,2205.0
EZY9940,2,1373.0,192.33304448274092,1237.0,1509.0
EZY9946,2,1286.0,149.90663761154806,1180.0,1392.0
N578JG,2,2411.0,340.82546853191593,2170.0,2652.0
EZY9948,2,2062.0,862.670273047588,1452.0,2672.0
EZY9186,2,1162.0,222.03152929257593,1005.0,1319.0
EJU8379,2,1439.5,34.64823227814083,1415.0,1464.0
EZY9848,2,1772.5,1088.2373362460967,1003.0,2542.0
AUR2608,2,2052.0,883.8834764831844,1427.0,2677.0
EZY9746,2,1267.5,60.10407640085654,1225.0,1310.0
EZY9218,2,1449.5,538.1082604829627,1069.0,1830.0
EZY9844,2,2664.0,229.1025971044414,2502.0,2826.0
EZY8092,2,1070.0,130.10764773832474,978.0,1162.0
EZY9408,2,1614.0,240.41630560342617,1444.0,1784.0
TOM915P,2,1528.0,69.29646455628166,1479.0,1577.0
LAV8144,2,1616.5,181.7264427649427,1488.0,1745.0
EFW2681,2,1753.0,161.22034611053283,1639.0,1867.0
NOZ1342,2,1649.5,215.667568261897,1497.0,1802.0
VJT527,2,1730.0,397.39401102683973,1449.0,2011.0
EZY9604,2,1348.5,415.0716805565034,1055.0,1642.0
EAI923,2,2156.0,625.0823945689081,1714.0,2598.0
EJU8728,2,1236.5,88.38834764831844,1174.0,1299.0
TOM4XE,2,1531.0,113.13708498984761,1451.0,1611.0
SIO618,1,1395.0,,1395.0,1395.0
EZY61NP,1,1332.0,,1332.0,1332.0
EZY5906,1,1749.0,,1749.0,1749.0
VJH247,1,1096.0,,1096.0,1096.0
VJT720,1,1288.0,,1288.0,1288.0
VJH784,1,1260.0,,1260.0,1260.0
EZY6310,1,1159.0,,1159.0,1159.0
EZE930,1,1993.0,,1993.0,1993.0
EZY19JR,1,1191.0,,1191.0,1191.0
EZE9301,1,1720.0,,1720.0,1720.0
UAL907,1,1052.0,,1052.0,1052.0
EZE53LN,1,1617.0,,1617.0,1617.0
EZE51LN,1,2608.0,,2608.0,2608.0
EZE306,1,1974.0,,1974.0,1974.0
EYZ81DJ,1,1661.0,,1661.0,1661.0
EUP421,1,2330.0,,2330.0,2330.0
ETD5SJ,1,1894.0,,1894.0,1894.0
SNM922,1,2544.0,,2544.0,2544.0
ENT531P,1,1099.0,,1099.0,1099.0
ENT552P,1,1533.0,,1533.0,1533.0
EZE955,1,1481.0,,1481.0,1481.0
UBT9704,1,1200.0,,1200.0,1200.0
UBT972,1,1128.0,,1128.0,1128.0
ENT545P,1,1781.0,,1781.0,1781.0
VJT768,1,1427.0,,1427.0,1427.0
RYR60JF,1,1669.0,,1669.0,1669.0
VLG202P,1,1119.0,,1119.0,1119.0
WMT401,1,2211.0,,2211.0,2211.0
BRO980B,1,1080.0,,1080.0,1080.0
BLX985P,1,1148.0,,1148.0,1148.0
WMT6303,1,1398.0,,1398.0,1398.0
BAW9755,1,1039.0,,1039.0,1039.0
BAW9607,1,1678.0,,1678.0,1678.0
BAW9606,1,1495.0,,1495.0,1495.0
BAW9604,1,1163.0,,1163.0,1163.0
BAW9602,1,1433.0,,1433.0,1433.0
BAW931,1,2268.0,,2268.0,2268.0
BAW2810,1,1246.0,,1246.0,1246.0
BAW2639,1,1087.0,,1087.0,1087.0
BAW2040,1,1413.0,,1413.0,1413.0
BAW2034,1,1326.0,,1326.0,1326.0
AWC42,1,1790.0,,1790.0,1790.0
AWC392,1,2129.0,,2129.0,2129.0
AWC32,1,2138.0,,2138.0,2138.0
AWC262,1,1981.0,,1981.0,1981.0
AUR806A,1,2041.0,,2041.0,2041.0
AUR61OA,1,1358.0,,1358.0,1358.0
AUR600,1,1770.0,,1770.0,1770.0
AUR43B,1,1938.0,,1938.0,1938.0
AUR2610,1,3043.0,,3043.0,3043.0
ARL628,1,1627.0,,1627.0,1627.0
CAI9007,1,1493.0,,1493.0,1493.0
CES201A,1,1874.0,,1874.0,1874.0
ENT507,1,1427.0,,1427.0,1427.0
WMT2803,1,1376.0,,1376.0,1376.0
EMC3,1,1687.0,,1687.0,1687.0
EJU9044,1,1757.0,,1757.0,1757.0
EJU8691,1,2375.0,,2375.0,2375.0
SUS9011,1,1691.0,,1691.0,1691.0
EJU8440,1,1359.0,,1359.0,1359.0
EJU8412,1,2005.0,,2005.0,2005.0
SYG042T,1,2799.0,,2799.0,2799.0
VLG602D,1,1956.0,,1956.0,1956.0
TOM994P,1,1220.0,,1220.0,1220.0
EJU8084,1,1364.0,,1364.0,1364.0
EFW9758,1,3172.0,,3172.0,3172.0
EFW86D,1,1286.0,,1286.0,1286.0
EFW54Q,1,1458.0,,1458.0,1458.0
EFW50H,1,1330.0,,1330.0,1330.0
EFW2741,1,1594.0,,1594.0,1594.0
EFW2715,1,1816.0,,1816.0,1816.0
EFW2683,1,1390.0,,1390.0,1390.0
EFW1LD,1,1531.0,,1531.0,1531.0
E59FQ,1,1385.0,,1385.0,1385.0
VTB222,1,2043.0,,2043.0,2043.0
VXS4,1,2692.0,,2692.0,2692.0
DCAWX,1,1570.0,,1570.0,1570.0
CFE9761,1,1334.0,,1334.0,1334.0
TOM997P,1,2508.0,,2508.0,2508.0
SCO097,1,1121.0,,1121.0,1121.0
TOM992P,1,1749.0,,1749.0,1749.0
EZY9834,1,2061.0,,2061.0,2061.0
EZY9744,1,1294.0,,1294.0,1294.0
EZY9740,1,1217.0,,1217.0,1217.0
EZY9656,1,1853.0,,1853.0,1853.0
EZY9636,1,1798.0,,1798.0,1798.0
EZY9602,1,1925.0,,1925.0,1925.0
EZY9572,1,1600.0,,1600.0,1600.0
EZY9568,1,1305.0,,1305.0,1305.0
EZY9556,1,1122.0,,1122.0,1122.0
EZY9524,1,1922.0,,1922.0,1922.0
EZY9514,1,1230.0,,1230.0,1230.0
EZY9478,1,1361.0,,1361.0,1361.0
EZY9424,1,1571.0,,1571.0,1571.0
EZY9422,1,2003.0,,2003.0,2003.0
EZY9404,1,1807.0,,1807.0,1807.0
EZY9310,1,2021.0,,2021.0,2021.0
EZY9242,1,1654.0,,1654.0,1654.0
EZY9236,1,1474.0,,1474.0,1474.0
EZY9222,1,1840.0,,1840.0,1840.0
EZY9216,1,1348.0,,1348.0,1348.0
EZY9214,1,1855.0,,1855.0,1855.0
EZY9212,1,1750.0,,1750.0,1750.0
EZY9198,1,1612.0,,1612.0,1612.0
EZY9184,1,1940.0,,1940.0,1940.0
EZY9138,1,1496.0,,1496.0,1496.0
EZY9130,1,1112.0,,1112.0,1112.0
EZY9812,1,2350.0,,2350.0,2350.0
EZY9914,1,1989.0,,1989.0,1989.0
TOM990P,1,2910.0,,2910.0,2910.0
EZY9918,1,2354.0,,2354.0,2354.0
RAM8814,1,1219.0,,1219.0,1219.0
QQE735,1,1413.0,,1413.0,1413.0
PTN958V,1,1898.0,,1898.0,1898.0
PAC9107,1,1384.0,,1384.0,1384.0
OELUF,1,2011.0,,2011.0,2011.0
NSZ8530,1,1322.0,,1322.0,1322.0
NJE948H,1,1570.0,,1570.0,1570.0
NBT902,1,1569.0,,1569.0,1569.0
N7777U,1,1626.0,,1626.0,1626.0
N540LF,1,1136.0,,1136.0,1136.0
MMD22,1,1607.0,,1607.0,1607.0
MAU7042,1,1422.0,,1422.0,1422.0
MAU6042,1,1499.0,,1499.0,1499.0
MAU5042,1,1522.0,,1522.0,1522.0
MAU4042,1,1130.0,,1130.0,1130.0
MAU2042,1,1718.0,,1718.0,1718.0
LBT848,1,1161.0,,1161.0,1161.0
LAV966P,1,1223.0,,1223.0,1223.0
ITY226,1,3098.0,,3098.0,3098.0
HFM862,1,1932.0,,1932.0,1932.0
FYL43MA,1,1152.0,,1152.0,1152.0
FXT60A,1,1157.0,,1157.0,1157.0
EZY9992,1,1030.0,,1030.0,1030.0
EZY9974,1,2404.0,,2404.0,2404.0
EZY9950,1,1260.0,,1260.0,1260.0
EZY9124,1,1469.0,,1469.0,1469.0
EZY9081,1,1159.0,,1159.0,1159.0
EZY9014,1,1167.0,,1167.0,1167.0
EZY9012,1,1510.0,,1510.0,1510.0
TOM808P,1,1273.0,,1273.0,1273.0
EZY7196,1,1358.0,,1358.0,1358.0
RYR86H,1,1293.0,,1293.0,1293.0
TOM1EB,1,1813.0,,1813.0,1813.0
EZY6568,1,1304.0,,1304.0,1304.0
ROJ004,1,1301.0,,1301.0,1301.0
EZY6403,1,1264.0,,1264.0,1264.0
TOM902P,1,1951.0,,1951.0,1951.0
TOM906P,1,2393.0,,2393.0,2393.0
TOM907P,1,1332.0,,1332.0,1332.0
TOM916P,1,1622.0,,1622.0,1622.0
TOM918P,1,2472.0,,2472.0,2472.0
TOM919P,1,1262.0,,1262.0,1262.0
TOM931P,1,2114.0,,2114.0,2114.0
TOM941P,1,1421.0,,1421.0,1421.0
TOM944P,1,2418.0,,2418.0,2418.0
TOM949P,1,1515.0,,1515.0,1515.0
TOM950P,1,1644.0,,1644.0,1644.0
TOM956P,1,1630.0,,1630.0,1630.0
TOM959P,1,2166.0,,2166.0,2166.0
TOM966P,1,2352.0,,2352.0,2352.0
TOM969P,1,1547.0,,1547.0,1547.0
TOM971P,1,1637.0,,1637.0,1637.0
EZY6316,1,1605.0,,1605.0,1605.0
TOM986P,1,1440.0,,1440.0,1440.0
EZY8094,1,1418.0,,1418.0,1418.0
EZY8096,1,1223.0,,1223.0,1223.0
EZY8204,1,2651.0,,2651.0,2651.0
EZY8622,1,2359.0,,2359.0,2359.0
EZY9010,1,1221.0,,1221.0,1221.0
EZY9009,1,1283.0,,1283.0,1283.0
EZY9007,1,1894.0,,1894.0,1894.0
RYR66XY,1,2567.0,,2567.0,2567.0
EZY892,1,1862.0,,1862.0,1862.0
EZY8794,1,1194.0,,1194.0,1194.0
EZY8754,1,1453.0,,1453.0,1453.0
EZY8746,1,942.0,,942.0,942.0
TOM6CH,1,1048.0,,1048.0,1048.0
EZY8658,1,1147.0,,1147.0,1147.0
EZY8654,1,982.0,,982.0,982.0
EZY8574,1,2025.0,,2025.0,2025.0
EZY8210,1,1302.0,,1302.0,1302.0
EZY8544,1,1146.0,,1146.0,1146.0
EZY8528,1,1610.0,,1610.0,1610.0
TOM710P,1,2154.0,,2154.0,2154.0
EZY8514,1,1317.0,,1317.0,1317.0
RYR737,1,1800.0,,1800.0,1800.0
EZY8494,1,1013.0,,1013.0,1013.0
EZY848,1,1830.0,,1830.0,1830.0
EZY8476,1,1689.0,,1689.0,1689.0
EZY8469,1,1658.0,,1658.0,1658.0
EZY844,1,1167.0,,1167.0,1167.0
EZY8430,1,2629.0,,2629.0,2629.0
ABV738P,1,1706.0,,1706.0,1706.0
